{
    "name": "root",
    "gauges": {
        "Spider.Policy.Entropy.mean": {
            "value": 1.3809276819229126,
            "min": 1.3808090686798096,
            "max": 1.4189382791519165,
            "count": 200
        },
        "Spider.Policy.Entropy.sum": {
            "value": 14085.462890625,
            "min": 13255.7666015625,
            "max": 14473.169921875,
            "count": 200
        },
        "Spider.Environment.EpisodeLength.mean": {
            "value": 599.0,
            "min": 599.0,
            "max": 599.0,
            "count": 200
        },
        "Spider.Environment.EpisodeLength.sum": {
            "value": 10183.0,
            "min": 9584.0,
            "max": 10183.0,
            "count": 200
        },
        "Spider.Spider.DistanceFromStart.mean": {
            "value": 18.1737886316636,
            "min": 18.122411840102252,
            "max": 18.195521971758673,
            "count": 200
        },
        "Spider.Spider.DistanceFromStart.sum": {
            "value": 308.95440673828125,
            "min": 290.04944610595703,
            "max": 309.32387351989746,
            "count": 200
        },
        "Spider.Spider.DistanceToTarget.mean": {
            "value": 69.41584912468406,
            "min": 64.07367638980641,
            "max": 73.74917019114775,
            "count": 200
        },
        "Spider.Spider.DistanceToTarget.sum": {
            "value": 1180.069435119629,
            "min": 1040.7825317382812,
            "max": 1253.7358932495117,
            "count": 200
        },
        "Spider.Spider.MeanActionMagnitude.mean": {
            "value": 0.4769921355387744,
            "min": 0.3988411934936748,
            "max": 0.5054043075617622,
            "count": 200
        },
        "Spider.Spider.MeanActionMagnitude.sum": {
            "value": 8.108866304159164,
            "min": 6.570165276527405,
            "max": 8.591873228549957,
            "count": 200
        },
        "Spider.Spider.TargetReached.mean": {
            "value": 0.0,
            "min": 0.0,
            "max": 0.0,
            "count": 200
        },
        "Spider.Spider.TargetReached.sum": {
            "value": 0.0,
            "min": 0.0,
            "max": 0.0,
            "count": 200
        },
        "Spider.Spider.UprightDot.mean": {
            "value": 0.9999965990290922,
            "min": 0.999993573216831,
            "max": 0.9999986290931702,
            "count": 200
        },
        "Spider.Spider.UprightDot.sum": {
            "value": 16.999942183494568,
            "min": 15.99990975856781,
            "max": 16.999976694583893,
            "count": 200
        },
        "Spider.Spider.LimbGroundContacts.mean": {
            "value": 3.0,
            "min": 3.0,
            "max": 3.0,
            "count": 200
        },
        "Spider.Spider.LimbGroundContacts.sum": {
            "value": 51.0,
            "min": 48.0,
            "max": 51.0,
            "count": 200
        },
        "Spider.Spider.JumpInput.mean": {
            "value": 0.0,
            "min": 0.0,
            "max": 0.0,
            "count": 200
        },
        "Spider.Spider.JumpInput.sum": {
            "value": 0.0,
            "min": 0.0,
            "max": 0.0,
            "count": 200
        },
        "Spider.Spider.TargetSpeed.mean": {
            "value": 6.594570061739753,
            "min": 2.787917549119276,
            "max": 7.6811299324035645,
            "count": 200
        },
        "Spider.Spider.TargetSpeed.sum": {
            "value": 112.1076910495758,
            "min": 47.394598335027695,
            "max": 130.5792088508606,
            "count": 200
        },
        "Spider.Spider.Curriculum.mean": {
            "value": 1.0,
            "min": 0.08999999985098839,
            "max": 1.0,
            "count": 200
        },
        "Spider.Spider.Curriculum.sum": {
            "value": 17.0,
            "min": 1.5299999974668026,
            "max": 17.0,
            "count": 200
        },
        "Spider.Step.mean": {
            "value": 1999800.0,
            "min": 9600.0,
            "max": 1999800.0,
            "count": 200
        },
        "Spider.Step.sum": {
            "value": 1999800.0,
            "min": 9600.0,
            "max": 1999800.0,
            "count": 200
        },
        "Spider.Policy.ExtrinsicValueEstimate.mean": {
            "value": -90.2757339477539,
            "min": -91.12358093261719,
            "max": 0.017769712954759598,
            "count": 200
        },
        "Spider.Policy.ExtrinsicValueEstimate.sum": {
            "value": -1534.6875,
            "min": -1544.4722900390625,
            "max": 0.29337626695632935,
            "count": 200
        },
        "Spider.Environment.CumulativeReward.mean": {
            "value": -552.8326990464154,
            "min": -579.518196105957,
            "max": -544.0878547219669,
            "count": 200
        },
        "Spider.Environment.CumulativeReward.sum": {
            "value": -9398.155883789062,
            "min": -9799.971862792969,
            "max": -8744.004943847656,
            "count": 200
        },
        "Spider.Policy.ExtrinsicReward.mean": {
            "value": -552.8326990464154,
            "min": -579.518196105957,
            "max": -544.0878547219669,
            "count": 200
        },
        "Spider.Policy.ExtrinsicReward.sum": {
            "value": -9398.155883789062,
            "min": -9799.971862792969,
            "max": -8744.004943847656,
            "count": 200
        },
        "Spider.IsTraining.mean": {
            "value": 1.0,
            "min": 1.0,
            "max": 1.0,
            "count": 200
        },
        "Spider.IsTraining.sum": {
            "value": 1.0,
            "min": 1.0,
            "max": 1.0,
            "count": 200
        },
        "Spider.Losses.PolicyLoss.mean": {
            "value": 0.018303669145097956,
            "min": 0.010104146840361258,
            "max": 0.022305353808527193,
            "count": 95
        },
        "Spider.Losses.PolicyLoss.sum": {
            "value": 0.018303669145097956,
            "min": 0.010104146840361258,
            "max": 0.022305353808527193,
            "count": 95
        },
        "Spider.Losses.ValueLoss.mean": {
            "value": 0.8200930694739024,
            "min": 0.7010329067707062,
            "max": 231.5236022949219,
            "count": 95
        },
        "Spider.Losses.ValueLoss.sum": {
            "value": 0.8200930694739024,
            "min": 0.7010329067707062,
            "max": 231.5236022949219,
            "count": 95
        },
        "Spider.Policy.LearningRate.mean": {
            "value": 7.500997499999843e-07,
            "min": 7.500997499999843e-07,
            "max": 0.00029685000104999996,
            "count": 95
        },
        "Spider.Policy.LearningRate.sum": {
            "value": 7.500997499999843e-07,
            "min": 7.500997499999843e-07,
            "max": 0.00029685000104999996,
            "count": 95
        },
        "Spider.Policy.Epsilon.mean": {
            "value": 0.10024999999999999,
            "min": 0.10024999999999999,
            "max": 0.19895000000000002,
            "count": 95
        },
        "Spider.Policy.Epsilon.sum": {
            "value": 0.10024999999999999,
            "min": 0.10024999999999999,
            "max": 0.19895000000000002,
            "count": 95
        },
        "Spider.Policy.Beta.mean": {
            "value": 1.1224999999999971e-05,
            "min": 1.1224999999999971e-05,
            "max": 0.0004948550000000001,
            "count": 95
        },
        "Spider.Policy.Beta.sum": {
            "value": 1.1224999999999971e-05,
            "min": 1.1224999999999971e-05,
            "max": 0.0004948550000000001,
            "count": 95
        }
    },
    "metadata": {
        "timer_format_version": "0.1.0",
        "start_time_seconds": "1780560285",