{"count":1,"self":31.047871999999998,"total":72.343464,"children":{"InitializeActuators":{"count":1,"self":0.000502,"total":0.000502,"children":null},"InitializeSensors":{"count":1,"self":0.00053699999999999993,"total":0.00053699999999999993,"children":null},"AgentSendState":{"count":146984,"self":0.142754,"total":0.5378,"children":{"CollectObservations":{"count":29397,"self":0.10734199999999999,"total":0.10734199999999999,"children":null},"WriteActionMask":{"count":29397,"self":0.013512999999999999,"total":0.013512999999999999,"children":null},"RequestDecision":{"count":29397,"self":0.059717,"total":0.27419099999999996,"children":{"AgentInfo.ToProto":{"count":29397,"self":0.056936999999999995,"total":0.214474,"children":{"GenerateSensorData":{"count":29397,"self":0.15753699999999998,"total":0.15753699999999998,"children":null}}}}}}},"DecideAction":{"count":146984,"self":39.8586496,"total":39.858647999999995,"children":null},"AgentAct":{"count":146984,"self":0.897816,"total":0.897918,"children":{"AgentInfo.ToProto":{"count":15,"self":3.9999999999999996E-05,"total":0.000102,"children":{"GenerateSensorData":{"count":15,"self":6.2E-05,"total":6.2E-05,"children":null}}}}}},"gauges":{"Spider.CumulativeReward":{"count":15,"max":1282.60083,"min":-723.3136,"runningAverage":291.4603,"value":1210.48535,"weightedAverage":690.774231}},"metadata":{"timer_format_version":"0.1.0","start_time_seconds":"1780605880","unity_version":"6000.4.4f1","command_line_arguments":"\/Applications\/Unity\/Hub\/Editor\/6000.4.4f1\/Unity.app\/Contents\/MacOS\/Unity -projectpath \/Users\/leox\/Personal\/Unity\/Outshipped -acceptSoftwareTermsForThisRunOnly -useHub -hubIPC -cloudEnvironment production","communication_protocol_version":"1.5.0","com.unity.ml-agents_version":"4.0.3","scene_name":"aiTest","end_time_seconds":"1780605952"}}