{
    "name": "root",
    "gauges": {
        "Spider.Policy.Entropy.mean": {
            "value": 1.4174576997756958,
            "min": 1.4174379110336304,
            "max": 1.4189382791519165,
            "count": 16
        },
        "Spider.Policy.Entropy.sum": {
            "value": 13607.59375,
            "min": 13607.59375,
            "max": 15040.74609375,
            "count": 16
        },
        "Spider.Step.mean": {
            "value": 159400.0,
            "min": 9600.0,
            "max": 159400.0,
            "count": 16
        },
        "Spider.Step.sum": {
            "value": 159400.0,
            "min": 9600.0,
            "max": 159400.0,
            "count": 16
        },
        "Spider.Policy.ExtrinsicValueEstimate.mean": {
            "value": 5.314755916595459,
            "min": -0.5293982028961182,
            "max": 5.314755916595459,
            "count": 16
        },
        "Spider.Policy.ExtrinsicValueEstimate.sum": {
            "value": 63.777069091796875,
            "min": -6.882176876068115,
            "max": 63.777069091796875,
            "count": 16
        },
        "Spider.Environment.EpisodeLength.mean": {
            "value": 2399.0,
            "min": 2399.0,
            "max": 2399.0,
            "count": 16
        },
        "Spider.Environment.EpisodeLength.sum": {
            "value": 9596.0,
            "min": 9596.0,
            "max": 11995.0,
            "count": 16
        },
        "Spider.Spider.DistanceFromStart.mean": {
            "value": 6.118000268936157,
            "min": 6.118000268936157,
            "max": 6.772327661514282,
            "count": 16
        },
        "Spider.Spider.DistanceFromStart.sum": {
            "value": 24.47200107574463,
            "min": 24.47200107574463,
            "max": 33.4056715965271,
            "count": 16
        },
        "Spider.Spider.DistanceToTarget.mean": {
            "value": 70.11866092681885,
            "min": 63.612579345703125,
            "max": 82.40262985229492,
            "count": 16
        },
        "Spider.Spider.DistanceToTarget.sum": {
            "value": 280.4746437072754,
            "min": 260.9013557434082,
            "max": 330.73945236206055,
            "count": 16
        },
        "Spider.Spider.MeanActionMagnitude.mean": {
            "value": 0.4253954142332077,
            "min": 0.37069427967071533,
            "max": 0.49573423713445663,
            "count": 16
        },
        "Spider.Spider.MeanActionMagnitude.sum": {
            "value": 1.7015816569328308,
            "min": 1.4827771186828613,
            "max": 2.302642196416855,
            "count": 16
        },
        "Spider.Spider.MeanJointActionMagnitude.mean": {
            "value": 0.3129308670759201,
            "min": 0.20688149333000183,
            "max": 0.3339545726776123,
            "count": 16
        },
        "Spider.Spider.MeanJointActionMagnitude.sum": {
            "value": 1.2517234683036804,
            "min": 0.8275259733200073,
            "max": 1.3358182907104492,
            "count": 16
        },
        "Spider.Spider.MeanJointActionDelta.mean": {
            "value": 0.0,
            "min": 0.0,
            "max": 0.0,
            "count": 16
        },
        "Spider.Spider.MeanJointActionDelta.sum": {
            "value": 0.0,
            "min": 0.0,
            "max": 0.0,
            "count": 16
        },
        "Spider.Spider.VelocityChange.mean": {
            "value": 0.12624425660760608,
            "min": 0.013434858759865165,
            "max": 0.12624425660760608,
            "count": 16
        },
        "Spider.Spider.VelocityChange.sum": {
            "value": 0.5049770264304243,
            "min": 0.05373943503946066,
            "max": 0.5049770264304243,
            "count": 16
        },
        "Spider.Spider.AngularVelocity.mean": {
            "value": 0.013207060277636629,
            "min": 0.00681953199673444,
            "max": 0.03656479422352277,
            "count": 16
        },
        "Spider.Spider.AngularVelocity.sum": {
            "value": 0.052828241110546514,
            "min": 0.0340976599836722,
            "max": 0.14625917689409107,
            "count": 16
        },
        "Spider.Spider.AngularVelocityChange.mean": {
            "value": 0.0060905697300768225,
            "min": 0.0018536891089752316,
            "max": 0.010492147877812386,
            "count": 16
        },
        "Spider.Spider.AngularVelocityChange.sum": {
            "value": 0.02436227892030729,
            "min": 0.009268445544876158,
            "max": 0.04196859151124954,
            "count": 16
        },
        "Spider.Spider.TargetReached.mean": {
            "value": 0.0,
            "min": 0.0,
            "max": 0.0,
            "count": 16
        },
        "Spider.Spider.TargetReached.sum": {
            "value": 0.0,
            "min": 0.0,
            "max": 0.0,
            "count": 16
        },
        "Spider.Spider.UprightDot.mean": {
            "value": 0.9999916255474091,
            "min": 0.9999856352806091,
            "max": 0.9999961853027344,
            "count": 16
        },
        "Spider.Spider.UprightDot.sum": {
            "value": 3.9999665021896362,
            "min": 3.9999425411224365,
            "max": 4.99997752904892,
            "count": 16
        },
        "Spider.Spider.LimbGroundContacts.mean": {
            "value": 3.0,
            "min": 2.75,
            "max": 3.0,
            "count": 16
        },
        "Spider.Spider.LimbGroundContacts.sum": {
            "value": 12.0,
            "min": 11.0,
            "max": 15.0,
            "count": 16
        },
        "Spider.Spider.JumpInput.mean": {
            "value": 0.5229090452194214,
            "min": 0.27899380773305893,
            "max": 0.6146656423807144,
            "count": 16
        },
        "Spider.Spider.JumpInput.sum": {
            "value": 2.0916361808776855,
            "min": 1.1159752309322357,
            "max": 2.4586625695228577,
            "count": 16
        },
        "Spider.Spider.TargetSpeed.mean": {
            "value": 3.0514124035835266,
            "min": 2.8030300438404083,
            "max": 6.79082179069519,
            "count": 16
        },
        "Spider.Spider.TargetSpeed.sum": {
            "value": 12.205649614334106,
            "min": 11.212120175361633,
            "max": 33.95410895347595,
            "count": 16
        },
        "Spider.Spider.Curriculum.mean": {
            "value": 1.0,
            "min": 0.09999999776482582,
            "max": 1.0,
            "count": 16
        },
        "Spider.Spider.Curriculum.sum": {
            "value": 4.0,
            "min": 0.3999999910593033,
            "max": 5.0,
            "count": 16
        },
        "Spider.Spider.EpisodeEndReason.mean": {
            "value": 0.0,
            "min": 0.0,
            "max": 0.0,
            "count": 16
        },
        "Spider.Spider.EpisodeEndReason.sum": {
            "value": 0.0,
            "min": 0.0,
            "max": 0.0,
            "count": 16
        },
        "Spider.Environment.CumulativeReward.mean": {
            "value": 160.11747121810913,
            "min": 151.73888158798218,
            "max": 223.1139669418335,
            "count": 16
        },
        "Spider.Environment.CumulativeReward.sum": {
            "value": 640.4698848724365,
            "min": 606.9555263519287,
            "max": 892.455867767334,
            "count": 16
        },
        "Spider.Policy.ExtrinsicReward.mean": {
            "value": 160.11747121810913,
            "min": 151.73888158798218,
            "max": 223.1139669418335,
            "count": 16
        },
        "Spider.Policy.ExtrinsicReward.sum": {
            "value": 640.4698848724365,
            "min": 606.9555263519287,
            "max": 892.455867767334,
            "count": 16
        },
        "Spider.IsTraining.mean": {
            "value": 1.0,