{
    "name": "root",
    "gauges": {
        "Spider.Policy.Entropy.mean": {
            "value": 1.4209967851638794,
            "min": 1.4189382791519165,
            "max": 1.4209967851638794,
            "count": 7
        },
        "Spider.Policy.Entropy.sum": {
            "value": 15062.56640625,
            "min": 13621.8076171875,
            "max": 15062.56640625,
            "count": 7
        },
        "Spider.Step.mean": {
            "value": 69600.0,
            "min": 9600.0,
            "max": 69600.0,
            "count": 7
        },
        "Spider.Step.sum": {
            "value": 69600.0,
            "min": 9600.0,
            "max": 69600.0,
            "count": 7
        },
        "Spider.Policy.ExtrinsicValueEstimate.mean": {
            "value": 1.3594087362289429,
            "min": 0.09554509073495865,
            "max": 1.3594087362289429,
            "count": 7
        },
        "Spider.Policy.ExtrinsicValueEstimate.sum": {
            "value": 17.672313690185547,
            "min": 1.1465411186218262,
            "max": 17.672313690185547,
            "count": 7
        },
        "Spider.Environment.EpisodeLength.mean": {
            "value": 2399.0,
            "min": 2399.0,
            "max": 2399.0,
            "count": 7
        },
        "Spider.Environment.EpisodeLength.sum": {
            "value": 9596.0,
            "min": 9596.0,
            "max": 11995.0,
            "count": 7
        },
        "Spider.Spider.DistanceFromStart.mean": {
            "value": 6.700595140457153,
            "min": 6.206923127174377,
            "max": 6.700595140457153,
            "count": 7
        },
        "Spider.Spider.DistanceFromStart.sum": {
            "value": 26.802380561828613,
            "min": 24.82769250869751,
            "max": 33.44965934753418,
            "count": 7
        },
        "Spider.Spider.DistanceToTarget.mean": {
            "value": 75.92017936706543,
            "min": 69.31192588806152,
            "max": 79.55888175964355,
            "count": 7
        },
        "Spider.Spider.DistanceToTarget.sum": {
            "value": 303.6807174682617,
            "min": 277.2477035522461,
            "max": 353.2365531921387,
            "count": 7
        },
        "Spider.Spider.MeanActionMagnitude.mean": {
            "value": 0.38446013629436493,
            "min": 0.3737389087677002,
            "max": 0.40933821350336075,
            "count": 7
        },
        "Spider.Spider.MeanActionMagnitude.sum": {
            "value": 1.5378405451774597,
            "min": 1.5048230290412903,
            "max": 1.868694543838501,
            "count": 7
        },
        "Spider.Spider.MeanJointActionMagnitude.mean": {
            "value": 0.23707979172468185,
            "min": 0.22760643064975739,
            "max": 0.29813291877508163,
            "count": 7
        },
        "Spider.Spider.MeanJointActionMagnitude.sum": {
            "value": 0.9483191668987274,
            "min": 0.9104257225990295,
            "max": 1.2550597935914993,
            "count": 7
        },
        "Spider.Spider.MeanJointActionDelta.mean": {
            "value": 0.0,
            "min": 0.0,
            "max": 0.0,
            "count": 7
        },
        "Spider.Spider.MeanJointActionDelta.sum": {
            "value": 0.0,
            "min": 0.0,
            "max": 0.0,
            "count": 7
        },
        "Spider.Spider.VelocityChange.mean": {
            "value": 0.06171321403235197,
            "min": 0.023112526861950755,
            "max": 0.06884034816175699,
            "count": 7
        },
        "Spider.Spider.VelocityChange.sum": {
            "value": 0.24685285612940788,
            "min": 0.09245010744780302,
            "max": 0.33462247624993324,
            "count": 7
        },
        "Spider.Spider.AngularVelocity.mean": {
            "value": 0.03576954733580351,
            "min": 0.013373664929531515,
            "max": 0.03576954733580351,
            "count": 7
        },
        "Spider.Spider.AngularVelocity.sum": {
            "value": 0.14307818934321404,
            "min": 0.05349465971812606,
            "max": 0.14307818934321404,
            "count": 7
        },
        "Spider.Spider.AngularVelocityChange.mean": {
            "value": 0.007264182029757649,
            "min": 0.0021590391552308574,
            "max": 0.008822803851217031,
            "count": 7
        },
        "Spider.Spider.AngularVelocityChange.sum": {
            "value": 0.029056728119030595,
            "min": 0.00863615662092343,
            "max": 0.04411401925608516,
            "count": 7
        },
        "Spider.Spider.TargetReached.mean": {
            "value": 0.0,
            "min": 0.0,
            "max": 0.0,
            "count": 7
        },
        "Spider.Spider.TargetReached.sum": {
            "value": 0.0,
            "min": 0.0,
            "max": 0.0,
            "count": 7
        },
        "Spider.Spider.UprightDot.mean": {
            "value": 0.999990239739418,
            "min": 0.9999850988388062,
            "max": 0.9999963492155075,
            "count": 7
        },
        "Spider.Spider.UprightDot.sum": {
            "value": 3.999960958957672,
            "min": 3.999960958957672,
            "max": 4.999925494194031,
            "count": 7
        },
        "Spider.Spider.LimbGroundContacts.mean": {
            "value": 3.0,
            "min": 2.75,
            "max": 3.0,
            "count": 7
        },
        "Spider.Spider.LimbGroundContacts.sum": {
            "value": 12.0,
            "min": 11.0,
            "max": 15.0,
            "count": 7
        },
        "Spider.Spider.JumpInput.mean": {
            "value": 0.4345678985118866,
            "min": 0.3740236759185791,
            "max": 0.6157654523849487,
            "count": 7
        },
        "Spider.Spider.JumpInput.sum": {
            "value": 1.7382715940475464,
            "min": 1.4960947036743164,
            "max": 2.463061809539795,
            "count": 7
        },
        "Spider.Spider.TargetSpeed.mean": {
            "value": 4.8655078411102295,
            "min": 2.2073366940021515,
            "max": 5.7741464376449585,
            "count": 7
        },
        "Spider.Spider.TargetSpeed.sum": {
            "value": 19.462031364440918,
            "min": 8.829346776008606,
            "max": 23.096585750579834,
            "count": 7
        },
        "Spider.Spider.Curriculum.mean": {
            "value": 1.0,
            "min": 0.09999999776482582,
            "max": 1.0,
            "count": 7
        },
        "Spider.Spider.Curriculum.sum": {
            "value": 4.0,
            "min": 0.3999999910593033,
            "max": 4.599999964237213,
            "count": 7
        },
        "Spider.Spider.EpisodeEndReason.mean": {
            "value": 0.0,
            "min": 0.0,
            "max": 0.0,
            "count": 7
        },
        "Spider.Spider.EpisodeEndReason.sum": {
            "value": 0.0,
            "min": 0.0,
            "max": 0.0,
            "count": 7
        },
        "Spider.Environment.CumulativeReward.mean": {
            "value": 157.81103572845458,
            "min": 157.81103572845458,
            "max": 215.99415493011475,
            "count": 7
        },
        "Spider.Environment.CumulativeReward.sum": {
            "value": 789.055178642273,
            "min": 648.6519908905029,
            "max": 863.976619720459,
            "count": 7
        },
        "Spider.Policy.ExtrinsicReward.mean": {
            "value": 157.81103572845458,
            "min": 157.81103572845458,
            "max": 215.99415493011475,
            "count": 7
        },
        "Spider.Policy.ExtrinsicReward.sum": {
            "value": 789.055178642273,
            "min": 648.6519908905029,
            "max": 863.976619720459,
            "count": 7
        },
        "Spider.IsTraining.mean": {
            "value": 1.0,
            "min": 1.0,