{
    "name": "root",
    "gauges": {
        "Spider.Policy.Entropy.mean": {
            "value": 1.4184143543243408,
            "min": 1.4184143543243408,
            "max": 1.4206923246383667,
            "count": 12
        },
        "Spider.Policy.Entropy.sum": {
            "value": 14184.1435546875,
            "min": 13618.40625,
            "max": 15055.201171875,
            "count": 12
        },
        "Spider.Step.mean": {
            "value": 119600.0,
            "min": 9600.0,
            "max": 119600.0,
            "count": 12
        },
        "Spider.Step.sum": {
            "value": 119600.0,
            "min": 9600.0,
            "max": 119600.0,
            "count": 12
        },
        "Spider.Policy.ExtrinsicValueEstimate.mean": {
            "value": 2.1892950534820557,
            "min": 0.0011833924800157547,
            "max": 3.8026721477508545,
            "count": 12
        },
        "Spider.Policy.ExtrinsicValueEstimate.sum": {
            "value": 28.460834503173828,
            "min": 0.014200709760189056,
            "max": 45.63206481933594,
            "count": 12
        },
        "Spider.Environment.EpisodeLength.mean": {
            "value": 2399.0,
            "min": 2399.0,
            "max": 2399.0,
            "count": 12
        },
        "Spider.Environment.EpisodeLength.sum": {
            "value": 11995.0,
            "min": 9596.0,
            "max": 11995.0,
            "count": 12
        },
        "Spider.Spider.DistanceFromStart.mean": {
            "value": 6.524953365325928,
            "min": 6.010562062263489,
            "max": 6.820244908332825,
            "count": 12
        },
        "Spider.Spider.DistanceFromStart.sum": {
            "value": 32.62476682662964,
            "min": 24.042248249053955,
            "max": 32.62476682662964,
            "count": 12
        },
        "Spider.Spider.DistanceToTarget.mean": {
            "value": 71.60595245361328,
            "min": 65.00927352905273,
            "max": 79.78631210327148,
            "count": 12
        },
        "Spider.Spider.DistanceToTarget.sum": {
            "value": 358.0297622680664,
            "min": 260.03709411621094,
            "max": 367.73205947875977,
            "count": 12
        },
        "Spider.Spider.MeanActionMagnitude.mean": {
            "value": 0.4851730763912201,
            "min": 0.3942094147205353,
            "max": 0.49411284178495407,
            "count": 12
        },
        "Spider.Spider.MeanActionMagnitude.sum": {
            "value": 2.4258653819561005,
            "min": 1.5768376588821411,
            "max": 2.4258653819561005,
            "count": 12
        },
        "Spider.Spider.MeanJointActionMagnitude.mean": {
            "value": 0.2557258874177933,
            "min": 0.2546599432826042,
            "max": 0.3142404705286026,
            "count": 12
        },
        "Spider.Spider.MeanJointActionMagnitude.sum": {
            "value": 1.2786294370889664,
            "min": 1.0186397731304169,
            "max": 1.2786294370889664,
            "count": 12
        },
        "Spider.Spider.MeanJointActionDelta.mean": {
            "value": 0.0,
            "min": 0.0,
            "max": 0.0,
            "count": 12
        },
        "Spider.Spider.MeanJointActionDelta.sum": {
            "value": 0.0,
            "min": 0.0,
            "max": 0.0,
            "count": 12
        },
        "Spider.Spider.VelocityChange.mean": {
            "value": 0.08448142122942955,
            "min": 0.024069671984761953,
            "max": 0.09150385647080839,
            "count": 12
        },
        "Spider.Spider.VelocityChange.sum": {
            "value": 0.4224071061471477,
            "min": 0.09627868793904781,
            "max": 0.4224071061471477,
            "count": 12
        },
        "Spider.Spider.AngularVelocity.mean": {
            "value": 0.015044437529286369,
            "min": 0.010376680758781731,
            "max": 0.026535884477198124,
            "count": 12
        },
        "Spider.Spider.AngularVelocity.sum": {
            "value": 0.07522218764643185,
            "min": 0.041506723035126925,
            "max": 0.1061435379087925,
            "count": 12
        },
        "Spider.Spider.AngularVelocityChange.mean": {
            "value": 0.006164016021648422,
            "min": 0.0038156251393957064,
            "max": 0.01211085426621139,
            "count": 12
        },
        "Spider.Spider.AngularVelocityChange.sum": {
            "value": 0.03082008010824211,
            "min": 0.015262500557582825,
            "max": 0.04844341706484556,
            "count": 12
        },
        "Spider.Spider.TargetReached.mean": {
            "value": 0.0,
            "min": 0.0,
            "max": 0.0,
            "count": 12
        },
        "Spider.Spider.TargetReached.sum": {
            "value": 0.0,
            "min": 0.0,
            "max": 0.0,
            "count": 12
        },
        "Spider.Spider.UprightDot.mean": {
            "value": 0.9999930739402771,
            "min": 0.9999862909317017,
            "max": 0.9999954551458359,
            "count": 12
        },
        "Spider.Spider.UprightDot.sum": {
            "value": 4.9999653697013855,
            "min": 3.9999451637268066,
            "max": 4.999974608421326,
            "count": 12
        },
        "Spider.Spider.LimbGroundContacts.mean": {
            "value": 3.0,
            "min": 3.0,
            "max": 3.0,
            "count": 12
        },
        "Spider.Spider.LimbGroundContacts.sum": {
            "value": 15.0,
            "min": 12.0,
            "max": 15.0,
            "count": 12
        },
        "Spider.Spider.JumpInput.mean": {
            "value": 0.5503906190395356,
            "min": 0.3746548146009445,
            "max": 0.6179423779249191,
            "count": 12
        },
        "Spider.Spider.JumpInput.sum": {
            "value": 2.7519530951976776,
            "min": 1.498619258403778,
            "max": 2.7519530951976776,
            "count": 12
        },
        "Spider.Spider.TargetSpeed.mean": {
            "value": 5.627632999420166,
            "min": 2.1875100433826447,
            "max": 7.478302836418152,
            "count": 12
        },
        "Spider.Spider.TargetSpeed.sum": {
            "value": 28.13816499710083,
            "min": 8.750040173530579,
            "max": 29.913211345672607,
            "count": 12
        },
        "Spider.Spider.Curriculum.mean": {
            "value": 1.0,
            "min": 0.09999999776482582,
            "max": 1.0,
            "count": 12
        },
        "Spider.Spider.Curriculum.sum": {
            "value": 5.0,
            "min": 0.3999999910593033,
            "max": 5.0,
            "count": 12
        },
        "Spider.Spider.EpisodeEndReason.mean": {
            "value": 0.0,
            "min": 0.0,
            "max": 0.0,
            "count": 12
        },
        "Spider.Spider.EpisodeEndReason.sum": {
            "value": 0.0,
            "min": 0.0,
            "max": 0.0,
            "count": 12
        },
        "Spider.Environment.CumulativeReward.mean": {
            "value": 208.21309232711792,
            "min": 146.8346118927002,
            "max": 208.21309232711792,
            "count": 12
        },
        "Spider.Environment.CumulativeReward.sum": {
            "value": 832.8523693084717,
            "min": 587.3384475708008,
            "max": 928.8992042541504,
            "count": 12
        },
        "Spider.Policy.ExtrinsicReward.mean": {
            "value": 208.21309232711792,
            "min": 146.8346118927002,
            "max": 208.21309232711792,
            "count": 12
        },
        "Spider.Policy.ExtrinsicReward.sum": {
            "value": 832.8523693084717,
            "min": 587.3384475708008,
            "max": 928.8992042541504,
            "count": 12
        },