{
    "name": "root",
    "gauges": {
        "Spider.Policy.Entropy.mean": {
            "value": 1.4189382791519165,
            "min": 1.4189382791519165,
            "max": 1.4189382791519165,
            "count": 1
        },
        "Spider.Policy.Entropy.sum": {
            "value": 15040.74609375,
            "min": 15040.74609375,
            "max": 15040.74609375,
            "count": 1
        },
        "Spider.Step.mean": {
            "value": 9600.0,
            "min": 9600.0,
            "max": 9600.0,
            "count": 1
        },
        "Spider.Step.sum": {
            "value": 9600.0,
            "min": 9600.0,
            "max": 9600.0,
            "count": 1
        },
        "Spider.Policy.ExtrinsicValueEstimate.mean": {
            "value": 0.031445857137441635,
            "min": 0.031445857137441635,
            "max": 0.031445857137441635,
            "count": 1
        },
        "Spider.Policy.ExtrinsicValueEstimate.sum": {
            "value": 0.3773503005504608,
            "min": 0.3773503005504608,
            "max": 0.3773503005504608,
            "count": 1
        },
        "Spider.Environment.EpisodeLength.mean": {
            "value": 2399.0,
            "min": 2399.0,
            "max": 2399.0,
            "count": 1
        },
        "Spider.Environment.EpisodeLength.sum": {
            "value": 9596.0,
            "min": 9596.0,
            "max": 9596.0,
            "count": 1
        },
        "Spider.Spider.DistanceFromStart.mean": {
            "value": 4.168975412845612,
            "min": 4.168975412845612,
            "max": 4.168975412845612,
            "count": 1
        },
        "Spider.Spider.DistanceFromStart.sum": {
            "value": 16.675901651382446,
            "min": 16.675901651382446,
            "max": 16.675901651382446,
            "count": 1
        },
        "Spider.Spider.DistanceToTarget.mean": {
            "value": 12.038459062576294,
            "min": 12.038459062576294,
            "max": 12.038459062576294,
            "count": 1
        },
        "Spider.Spider.DistanceToTarget.sum": {
            "value": 48.153836250305176,
            "min": 48.153836250305176,
            "max": 48.153836250305176,
            "count": 1
        },
        "Spider.Spider.MeanActionMagnitude.mean": {
            "value": 0.31517843157052994,
            "min": 0.31517843157052994,
            "max": 0.31517843157052994,
            "count": 1
        },
        "Spider.Spider.MeanActionMagnitude.sum": {
            "value": 1.2607137262821198,
            "min": 1.2607137262821198,
            "max": 1.2607137262821198,
            "count": 1
        },
        "Spider.Spider.MeanJointActionMagnitude.mean": {
            "value": 0.24261405318975449,
            "min": 0.24261405318975449,
            "max": 0.24261405318975449,
            "count": 1
        },
        "Spider.Spider.MeanJointActionMagnitude.sum": {
            "value": 0.9704562127590179,
            "min": 0.9704562127590179,
            "max": 0.9704562127590179,
            "count": 1
        },
        "Spider.Spider.MeanJointActionDelta.mean": {
            "value": 0.0,
            "min": 0.0,
            "max": 0.0,
            "count": 1
        },
        "Spider.Spider.MeanJointActionDelta.sum": {
            "value": 0.0,
            "min": 0.0,
            "max": 0.0,
            "count": 1
        },
        "Spider.Spider.VelocityChange.mean": {
            "value": 0.09598474018275738,
            "min": 0.09598474018275738,
            "max": 0.09598474018275738,
            "count": 1
        },
        "Spider.Spider.VelocityChange.sum": {
            "value": 0.3839389607310295,
            "min": 0.3839389607310295,
            "max": 0.3839389607310295,
            "count": 1
        },
        "Spider.Spider.AngularVelocity.mean": {
            "value": 0.20865929499268532,
            "min": 0.20865929499268532,
            "max": 0.20865929499268532,
            "count": 1
        },
        "Spider.Spider.AngularVelocity.sum": {
            "value": 0.8346371799707413,
            "min": 0.8346371799707413,
            "max": 0.8346371799707413,
            "count": 1
        },
        "Spider.Spider.AngularVelocityChange.mean": {
            "value": 0.04334227927029133,
            "min": 0.04334227927029133,
            "max": 0.04334227927029133,
            "count": 1
        },
        "Spider.Spider.AngularVelocityChange.sum": {
            "value": 0.1733691170811653,
            "min": 0.1733691170811653,
            "max": 0.1733691170811653,
            "count": 1
        },
        "Spider.Spider.TargetReached.mean": {
            "value": 0.0,
            "min": 0.0,
            "max": 0.0,
            "count": 1
        },
        "Spider.Spider.TargetReached.sum": {
            "value": 0.0,
            "min": 0.0,
            "max": 0.0,
            "count": 1
        },
        "Spider.Spider.UprightDot.mean": {
            "value": 0.9957620054483414,
            "min": 0.9957620054483414,
            "max": 0.9957620054483414,
            "count": 1
        },
        "Spider.Spider.UprightDot.sum": {
            "value": 3.9830480217933655,
            "min": 3.9830480217933655,
            "max": 3.9830480217933655,
            "count": 1
        },
        "Spider.Spider.LimbGroundContacts.mean": {
            "value": 3.0,
            "min": 3.0,
            "max": 3.0,
            "count": 1
        },
        "Spider.Spider.LimbGroundContacts.sum": {
            "value": 12.0,
            "min": 12.0,
            "max": 12.0,
            "count": 1
        },
        "Spider.Spider.JumpInput.mean": {
            "value": 0.40264085680246353,
            "min": 0.40264085680246353,
            "max": 0.40264085680246353,
            "count": 1
        },
        "Spider.Spider.JumpInput.sum": {
            "value": 1.6105634272098541,
            "min": 1.6105634272098541,
            "max": 1.6105634272098541,
            "count": 1
        },
        "Spider.Spider.TargetSpeed.mean": {
            "value": 0.0,
            "min": 0.0,
            "max": 0.0,
            "count": 1
        },
        "Spider.Spider.TargetSpeed.sum": {
            "value": 0.0,
            "min": 0.0,
            "max": 0.0,
            "count": 1
        },
        "Spider.Spider.FacingTarget.mean": {
            "value": -0.9682789295911789,
            "min": -0.9682789295911789,
            "max": -0.9682789295911789,
            "count": 1
        },
        "Spider.Spider.FacingTarget.sum": {
            "value": -3.8731157183647156,
            "min": -3.8731157183647156,
            "max": -3.8731157183647156,
            "count": 1
        },
        "Spider.Spider.DistanceImprovement.mean": {
            "value": 0.0005671977996826172,
            "min": 0.0005671977996826172,
            "max": 0.0005671977996826172,
            "count": 1
        },
        "Spider.Spider.DistanceImprovement.sum": {
            "value": 0.0022687911987304688,
            "min": 0.0022687911987304688,
            "max": 0.0022687911987304688,
            "count": 1
        },
        "Spider.Spider.Curriculum.mean": {
            "value": 0.09999999776482582,
            "min": 0.09999999776482582,
            "max": 0.09999999776482582,
            "count": 1
        },
        "Spider.Spider.Curriculum.sum": {
            "value": 0.3999999910593033,
            "min": 0.3999999910593033,
            "max": 0.3999999910593033,
            "count": 1
        },
        "Spider.Spider.PolicyActionScale.mean": {
            "value": 0.2800000049173832,
            "min": 0.2800000049173832,
            "max": 0.2800000049173832,
            "count": 1
        },
        "Spider.Spider.PolicyActionScale.sum": {
            "value": 1.1200000196695328,
            "min": 1.1200000196695328,
            "max": 1.1200000196695328,
            "count": 1
        },